washout_deg,design_CL,alpha_trim_deg,cm_apex_trim,x_cg_trim_m,x_NP_m,static_margin_pct,alpha_tip_eff_deg,tip_stall_margin_deg
3.00000,0.50000,7.01470,-0.43101,0.94384,0.97036,2.42231,1.87892,9.68594
4.00000,0.50000,7.39383,-0.42697,0.93500,0.97036,3.22974,1.76180,9.80306
5.00000,0.50000,7.77296,-0.42294,0.92616,0.97036,4.03718,1.64468,9.92018
6.00000,0.50000,8.15209,-0.41890,0.91732,0.97036,4.84461,1.52756,10.03730
7.00000,0.50000,8.53122,-0.41486,0.90848,0.97036,5.65205,1.41044,10.15442
