{"billow_frac": 0.015420607530140634, "worst_waviness": 0.0027280911240481886, "pretension_Npm": 2200.0}