{"n": 48, "t_snap_s": 0.6915646039377165, "v_latch_mps": 1.9583644429435114, "s": [0.0, 0.0010136868906170824, 0.003959190236841506, 0.008726656647229231, 0.015239277210904897, 0.023436897943986325, 0.03325812473077629, 0.04461660039011341, 0.05739030376015094, 0.07142290058468984, 0.08654661591470958, 0.10261027622211395, 0.11949710983454025, 0.1371269365302298, 0.15544482605810897, 0.17441098507040242, 0.19399232416977327, 0.21415947386057949, 0.23488544524272187, 0.2561448835399381, 0.2779145187575236, 0.3001721138623913, 0.3228972340732602, 0.3460704733169363, 0.3696736953072746, 0.3936898965756331, 0.4181028843162689, 0.44289769744423346, 0.46805985728212957, 0.49357598127480234, 0.5194332330561214, 0.5456195249535951, 0.5721234449820551, 0.5989340236010481, 0.626041084371243, 0.6534346750114841, 0.6811055620315886, 0.7090448175099919, 0.7372439851374591, 0.7656950397303334, 0.7943902061086775, 0.8233222263615924, 0.8524835243505405, 0.8818630762929054, 0.9114275157464661, 0.9410745259986872, 0.9706238427034808, 1.0]}