pilot_kg,total_kg,bracket,CD0,V_bg,CL_bg,LD_max,sink
70.00000,93.50000,optimistic,0.03285,17.25321,0.77370,11.77709,1.46498
70.00000,93.50000,nominal,0.04108,16.31521,0.86522,10.53134,1.54921
70.00000,93.50000,pessimistic,0.05754,14.99697,1.02401,8.89827,1.68538
82.50000,106.00000,optimistic,0.03285,18.37033,0.77370,11.77709,1.55984
82.50000,106.00000,nominal,0.04108,17.37159,0.86522,10.53134,1.64951
82.50000,106.00000,pessimistic,0.05754,15.96801,1.02401,8.89827,1.79451
95.00000,118.50000,optimistic,0.03285,19.42331,0.77370,11.77709,1.64924
95.00000,118.50000,nominal,0.04108,18.36733,0.86522,10.53134,1.74406
95.00000,118.50000,pessimistic,0.05754,16.88329,1.02401,8.89827,1.89737
